{
	"id": "10b15327-5464-4e6a-bd7f-37392f75d569",
	"name": "QA_Environment",
	"values": [
		{
			"key": "TodoistURL",
			"value": "https://api.todoist.com/rest/v1/tasks",
			"enabled": true
		},
		{
			"key": "token",
			"value": "7acc92976bb9e3d058a1532cd688a0d5d391a4eb",
			"enabled": true
		},
		{
			"key": "taskName",
			"value": "Test1",
			"enabled": true
		},
		{
			"key": "taskId",
			"value": "",
			"enabled": true
		},
		{
			"key": "taskIdDDT",
			"value": "",
			"enabled": true
		}
	],
	"_postman_variable_scope": "environment",
	"_postman_exported_at": "2021-03-23T00:57:16.301Z",
	"_postman_exported_using": "Postman/8.0.7"
}